Learn SQL Server Administration in a Month of Lunches: Covers Microsoft SQL Server 2005-2014,$34.99,https://m.media-amazon.com/images/I/61WUMA+qkSL._AC_UL320_.jpg
RAISING ELECTRONICS Cantilever Server Shelf Vented Shelves Rack Mount 19inch 1U 10inch(250mm) Deep,$21.99,https://m.media-amazon.com/images/I/515olrr1CpL._AC_UL320_.jpg
JESSINIE 3PCS Single Bond Button Bistable Switch Module 2.2-5V 0.5uA Continuous Load 2A Low Power Micro One Key Switch YR-1006,$9.99,https://m.media-amazon.com/images/I/51boACWUB+L._AC_UL320_.jpg
Hospitality Consumer HB46/JULEP-G-001 Juliep 6.5" Dual Purpose Strainer - Gold,$19.99,https://m.media-amazon.com/images/I/71zKOOVQd6L._AC_UL320_.jpg
Hospitality Consumer HB46/BF006-001 Barflow 4.75" - Black,$10.92,https://m.media-amazon.com/images/I/61BiPWOyzkL._AC_UL320_.jpg
Delphi TD4523W Bar Bushing Kit,$7.99,https://m.media-amazon.com/images/I/61NzcsG40SL._AC_UL320_.jpg
HP SAS Internal Cable Kit - for ProLiant DL380 Gen9 785989-B21,$7.49,https://m.media-amazon.com/images/I/61KxDjOA7-L._AC_UL320_.jpg
D WASHER REPL.,$19.99,https://m.media-amazon.com/images/I/6197HGro18L._AC_UL320_.jpg
HP Ribbon Cable 80WAY for PROLIANT,Null,https://m.media-amazon.com/images/I/71Xe6lVx0RL._AC_UL320_.jpg
412202-001:DL360 MULTIBAY MEDIA,$14.99,https://m.media-amazon.com/images/I/61zVmbXDL2L._AC_UL320_.jpg
IBM 4849KDF Windows Small Business Server 2011 (CD-ROM),$13.16,https://m.media-amazon.com/images/I/71nL4XUcG6L._AC_UL320_.jpg
Axis Communications 0185-004 Video Server. 241Q,$24.99,https://m.media-amazon.com/images/I/91dwvEcytyL._AC_UL320_.jpg
HP 452698-B21 PCI-X Riser Kit FORDL160G5/DL165G5 Serial Port Card,$14.33,https://m.media-amazon.com/images/I/41foOQuFW2S._AC_UL320_.jpg
BestPartsCom Front Bezel Faceplate Compatible with Dell Poweredge R420 R430 R620 R630 with Key 3FJR9 03FJR9 Used Like New,Null,https://m.media-amazon.com/images/I/717roaT5itL._AC_UL320_.jpg
Hospitality Consumer HB46/BFSM-001 Barflow 4.75" - Black + Snap-On Protector,$8.18,https://m.media-amazon.com/images/I/31qV2uP1heL._AC_UL320_.jpg
Hospitality Consumer HB46/PROMEGJIG-MC-001 ProMegJig 1 oz. / 1.5 oz. - Copper,$22.20,https://m.media-amazon.com/images/I/61knPPIWoKL._AC_UL320_.jpg
Hospitality Consumer HB46/X-003-C-001 Long 12" Tweezers - Copper,$16.37,https://m.media-amazon.com/images/I/61noHr7P5IL._AC_UL320_.jpg
Hospitality Consumer HB46/PROMEGJIG-M-001 ProMegJig 1 oz. / 1.5 oz. - Chrome,$16.60,https://m.media-amazon.com/images/I/61VOtZn5fCL._AC_UL320_.jpg
Hospitality Consumer HB46/BARRAY-001 Barray 4.75" Strainer - Chrome,$13.40,https://m.media-amazon.com/images/I/31gi1j6oOPL._AC_UL320_.jpg
Hospitality Consumer HB46/X-003-PB-001 Long 12" Tweezers - Black,$15.36,https://m.media-amazon.com/images/I/612huvMOZBL._AC_UL320_.jpg
Hospitality Consumer HB46/BARSTIK-PB-001 Barstik 9" - Black,$19.31,https://m.media-amazon.com/images/I/71IZ6ViCh8L._AC_UL320_.jpg
Hospitality Consumer HB46/PF006-001 Proflow - Black,$14.08,https://m.media-amazon.com/images/I/518EjLzMDiL._AC_UL320_.jpg
Hospitality Consumer HB46/PF005-001 Proflow - Copper,$13.70,https://m.media-amazon.com/images/I/51h5qOaN9IL._AC_UL320_.jpg
Hospitality Consumer HB46/X-034-G-001 Toby Tin 19.5 oz. - Gold,$15.83,https://m.media-amazon.com/images/I/31QSgvP76xL._AC_UL320_.jpg
Learn SQL Server Administration in a Month of Lunches: Covers Microsoft SQL Server 2005-2014,Null,https://m.media-amazon.com/images/I/61WUMA+qkSL._AC_UL320_.jpg
RAISING ELECTRONICS Cantilever Server Shelf Vented Shelves Rack Mount 19inch 1U 10inch(250mm) Deep,$21.99,https://m.media-amazon.com/images/I/515olrr1CpL._AC_UL320_.jpg
JESSINIE 3PCS Single Bond Button Bistable Switch Module 2.2-5V 0.5uA Continuous Load 2A Low Power Micro One Key Switch YR-1006,$9.99,https://m.media-amazon.com/images/I/51boACWUB+L._AC_UL320_.jpg
Hospitality Consumer HB46/JULEP-G-001 Juliep 6.5" Dual Purpose Strainer - Gold,$20.31,https://m.media-amazon.com/images/I/71zKOOVQd6L._AC_UL320_.jpg
Hospitality Consumer HB46/BF006-001 Barflow 4.75" - Black,$10.92,https://m.media-amazon.com/images/I/61BiPWOyzkL._AC_UL320_.jpg
Delphi TD4523W Bar Bushing Kit,Null,https://m.media-amazon.com/images/I/61NzcsG40SL._AC_UL320_.jpg
HP SAS Internal Cable Kit - for ProLiant DL380 Gen9 785989-B21,$7.49,https://m.media-amazon.com/images/I/61KxDjOA7-L._AC_UL320_.jpg
D WASHER REPL.,Null,https://m.media-amazon.com/images/I/6197HGro18L._AC_UL320_.jpg
HP Ribbon Cable 80WAY for PROLIANT,Null,https://m.media-amazon.com/images/I/71Xe6lVx0RL._AC_UL320_.jpg
412202-001:DL360 MULTIBAY MEDIA,Null,https://m.media-amazon.com/images/I/61zVmbXDL2L._AC_UL320_.jpg
IBM 4849KDF Windows Small Business Server 2011 (CD-ROM),$13.16,https://m.media-amazon.com/images/I/71nL4XUcG6L._AC_UL320_.jpg
Axis Communications 0185-004 Video Server. 241Q,$24.99,https://m.media-amazon.com/images/I/91dwvEcytyL._AC_UL320_.jpg
HP 452698-B21 PCI-X Riser Kit FORDL160G5/DL165G5 Serial Port Card,$14.26,https://m.media-amazon.com/images/I/41foOQuFW2S._AC_UL320_.jpg
BestPartsCom Front Bezel Faceplate Compatible with Dell Poweredge R420 R430 R620 R630 with Key 3FJR9 03FJR9 Used Like New,Null,https://m.media-amazon.com/images/I/717roaT5itL._AC_UL320_.jpg
Hospitality Consumer HB46/BFSM-001 Barflow 4.75" - Black + Snap-On Protector,$8.18,https://m.media-amazon.com/images/I/31qV2uP1heL._AC_UL320_.jpg
Hospitality Consumer HB46/PROMEGJIG-MC-001 ProMegJig 1 oz. / 1.5 oz. - Copper,$22.21,https://m.media-amazon.com/images/I/61knPPIWoKL._AC_UL320_.jpg
Hospitality Consumer HB46/X-003-C-001 Long 12" Tweezers - Copper,$16.37,https://m.media-amazon.com/images/I/61noHr7P5IL._AC_UL320_.jpg
Hospitality Consumer HB46/PROMEGJIG-M-001 ProMegJig 1 oz. / 1.5 oz. - Chrome,$16.60,https://m.media-amazon.com/images/I/61VOtZn5fCL._AC_UL320_.jpg
Hospitality Consumer HB46/BARRAY-001 Barray 4.75" Strainer - Chrome,$13.40,https://m.media-amazon.com/images/I/31gi1j6oOPL._AC_UL320_.jpg
Hospitality Consumer HB46/X-003-PB-001 Long 12" Tweezers - Black,$14.87,https://m.media-amazon.com/images/I/612huvMOZBL._AC_UL320_.jpg
Hospitality Consumer HB46/BARSTIK-PB-001 Barstik 9" - Black,$19.38,https://m.media-amazon.com/images/I/71IZ6ViCh8L._AC_UL320_.jpg
Hospitality Consumer HB46/PF006-001 Proflow - Black,$14.01,https://m.media-amazon.com/images/I/518EjLzMDiL._AC_UL320_.jpg
Hospitality Consumer HB46/PF005-001 Proflow - Copper,$13.70,https://m.media-amazon.com/images/I/51h5qOaN9IL._AC_UL320_.jpg
Hospitality Consumer HB46/X-034-G-001 Toby Tin 19.5 oz. - Gold,$15.83,https://m.media-amazon.com/images/I/31QSgvP76xL._AC_UL320_.jpg
